variable,count,mean,std,min,25%,50%,75%,max,original
dummy1,1000.0,0.00019904562174007312,0.01000590111113917,-0.030514854820101,-0.006924001109713749,0.0006042672479189,0.007434526376330825,0.0248672573609347,-0.0018933739641724
dummy2,1000.0,-0.0003669494635143905,0.011145030926426191,-0.0320552972803183,-0.008245561943919425,-0.00025147803351185,0.007606319224773676,0.0380462176525639,-0.0071230897142342
x1,1000.0,0.07382576546827119,3.0073588203895345,-8.837849367964058,-2.0201594655393595,0.11952048859446385,1.9914031319659702,28.205206272999533,28.205206272999533
x2,1000.0,-0.07899792500420363,7.84711316955903,-22.42771782105358,-5.495119846371443,-0.10530522987718215,4.952108751718866,75.05034645241568,75.05034645241568
x3,1000.0,-0.016257153502364837,1.922656711980596,-6.531699531376629,-1.295195619148413,-0.026063045257799948,1.1998208838459385,17.754214987243344,17.754214987243344
